time_period,time_identifier,geographic_level,country_code,country_name,region_code,region_name,old_la_code,new_la_code,la_name,Age,Cohort_DJFavg,NEET_not_known_percent,NEET_percent,Notknown_percent,annual_change_ppts_NEET_not_known,annualchange_NEET,annualchange_notknown,cohort_March,TOTAL_participating_in_education_and_training_percent,Full_time_education_percent,Apprenticeship_percent,Other_education_and_training_percent,annual_change_Participation_in_education_training,annual_change_FTE,annual_change_apprenticeship,annual_change_other_education_training,September_guarantee_Offer_made_percent,September_guarantee_annual_change_ppts,cohort_noSEN_percent,NEET_NK_noSEN_percent,cohort_EHCP_percent,NEET_NK_EHCP_percent,cohort_SENDsupport_percent,NEET_NK_SENDsupport_percent,VG_cohort_DJF_avg,VG_cohort_percentage,VG_NEET_NK_percentage,Level_3,L2_em_GCSE_othL2,attainment8_average,engmath_94_percent,sess_overall_percent,enrolments_pa_10_exact_percent,NEET_NK_quintile,NEET_quintile,Notknown_quintile,Participation_ET_quintile,Sep_guarantee_quintile
2026,Calendar year,National,E92000001,England,,,,,,16-17,1359500,5.8,3.4,2.4,0.2,0,0.2,1363590,92,86.5,3.6,2,0,0.5,-0.6,0.1,94.1,-0.5,83.3,5,6.1,9.9,10.6,10,39520,2.9,26.4,57.4,20.2,46,64.8,8.4,23.4,z,z,z,z,z
2026,Calendar year,Regional,E92000001,England,E12000004,East Midlands,,,,16-17,118070,6.2,2.8,3.3,0.6,0,0.5,118230,92.7,87.9,3,1.9,-0.6,-0.4,-0.2,0.1,88.1,-3.1,88,5.8,4.7,9.2,7.3,8.5,2260,1.9,29.1,54,19.5,45.1,64,8.4,22.7,z,z,z,z,z
2026,Calendar year,Local authority,E92000001,England,E12000004,East Midlands,831,E06000015,Derby,16-17,7279,8.1,7.1,1,0.2,-0.5,0.7,7297,89.7,80.9,3.7,5.1,2.2,2.3,-1.2,1.1,90.1,-4.9,83.2,7.3,7,6.5,9.8,15.6,180.3,2.5,41.8,49.7,20.5,42.2,58.8,8.4,23.8,5,5,3,5,5
2026,Calendar year,Local authority,E92000001,England,E12000004,East Midlands,830,E10000007,Derbyshire,16-17,18126,8.3,2.7,5.6,0.9,-0.5,1.4,18259,92.2,86.7,4.7,0.8,0.1,1.1,-0.6,-0.4,84.7,10.8,94.1,8.1,5.5,12.1,0.4,6.6,544.3,3,32.6,51.4,17.9,45,65.1,8.5,21.7,5,2,5,3,5
2026,Calendar year,Local authority,E92000001,England,E12000004,East Midlands,856,E06000016,Leicester,16-17,10356,6.9,5.9,1,0,0.2,-0.2,10353,90.9,87,1.4,2.5,-0.3,0,0.3,-0.5,94.9,0.1,85.2,5.9,5,13.9,9.8,11.7,206.7,2,37.1,58.7,27.5,45.5,62.8,8,22.6,5,5,3,4,4
2026,Calendar year,Local authority,E92000001,England,E12000004,East Midlands,855,E10000018,Leicestershire,16-17,15866,6.9,1.2,5.7,0.9,0,0.9,15838,93.6,91.1,1.6,0.9,-0.7,-0.7,-0.1,0.1,61.3,-27.1,82.3,6.1,5.2,11.6,12.5,10.4,33.3,0.2,39,57.8,20.6,46.2,66.6,8.4,21.8,5,1,5,2,5
2026,Calendar year,Local authority,E92000001,England,E12000004,East Midlands,925,E10000019,Lincolnshire,16-17,18187,8.4,2.3,6.1,1.3,0.2,1.1,18183,88.6,80.1,4.7,3.7,-3.9,-5,-0.3,1.4,89.6,-3.5,87.3,9,7,6.1,5.7,3.4,119.7,0.7,22.6,54.1,20.1,45.1,62.9,8.4,24.1,5,2,5,5,5
2026,Calendar year,Local authority,E92000001,England,E12000004,East Midlands,892,E06000018,Nottingham,16-17,8616,5.5,3.4,2,-0.1,0,-0.1,8631,93.1,90.2,1,2,0.1,0.8,-0.3,-0.4,93.9,0.1,93.1,4.8,2.4,12.5,4.5,15.7,172,2,37.8,49.2,14.7,43,59.4,8.9,25.4,4,3,4,3,4
2026,Calendar year,Local authority,E92000001,England,E12000004,East Midlands,891,E10000024,Nottinghamshire,16-17,18897,4.4,1.8,2.6,0.4,0.3,0.1,18896,95.5,91.7,1.8,2,0,-0.4,0.4,0,94.1,-1.6,93.2,4.1,1.5,10.2,5.3,7.2,36.7,0.2,20,53.3,17,46.8,67.7,8.3,22.5,3,1,4,2,4
2026,Calendar year,Local authority,E92000001,England,E12000004,East Midlands,857,E06000017,Rutland,16-17,716,1.2,0.8,0.3,-0.1,0.2,-0.3,718,98.5,93,3.8,1.7,1.2,0,-0.1,1.2,98.7,0.6,93.6,1.1,6.4,1.5,z,z,c,c,c,66.2,18.3,50.4,76.7,7,18.2,1,1,1,1,1
2026,Calendar year,Local authority,E92000001,England,E12000004,East Midlands,940,E06000061,North Northamptonshire,16-17,9298,2.7,2.2,0.5,0.2,0.1,0.1,9307,95.7,91.9,3.4,0.4,0.1,1,-0.3,-0.6,98.8,0.3,83.1,2.1,5.1,6.4,11.8,5.7,372.7,4,24.4,49.8,17.7,42.9,58.9,8.6,23.5,1,2,2,1,1
2026,Calendar year,Local authority,E92000001,England,E12000004,East Midlands,941,E06000062,West Northamptonshire,16-17,10726,2.9,2.5,0.4,0.2,0.3,-0.1,10746,94.9,91.3,3.2,0.4,-0.2,0.5,-0.5,-0.2,98.3,0,83.6,2.5,4.1,5.9,12.4,4.6,591.3,5.5,21.1,57.4,20.6,44.7,64.4,8.2,21.5,1,2,1,2,1
2026,Calendar year,Regional,E92000001,England,E12000006,East of England,,,,16-17,151370,4.9,3.8,1.1,-0.2,0,-0.2,153680,91.8,86.8,3.5,1.6,0.6,0.9,-0.3,0,94.7,-0.1,82.2,4.1,6.3,10.3,11.5,7.9,5170,3.4,25.1,58.6,20.1,46.3,65.9,8.3,22.7,z,z,z,z,z
2026,Calendar year,Local authority,E92000001,England,E12000006,East of England,822,E06000055,Bedford,16-17,4630,4.1,1.3,2.7,-1.9,-0.4,-1.6,4627,95.5,89,3.2,3.3,1.3,1.4,-0.6,0.5,97.8,4,86.5,3.6,4.6,7.3,8.9,7,24,0.5,33.3,55.3,22.2,44.4,64.6,8.3,24.4,2,1,5,1,2
2026,Calendar year,Local authority,E92000001,England,E12000006,East of England,873,E10000003,Cambridgeshire,16-17,15095,3.7,3.4,0.3,0.2,0.1,0.1,15105,92.1,86.5,3.4,2.2,-0.1,0.8,-0.6,-0.3,95.1,-0.6,83,2.8,6.6,8.7,10.4,7.6,384.3,2.5,26.5,60.6,20.9,48.1,67.5,8.4,20.9,2,3,1,3,3
2026,Calendar year,Local authority,E92000001,England,E12000006,East of England,823,E06000056,Central Bedfordshire,16-17,7372,3.7,3.2,0.5,0.6,0.5,0.1,7377,93.8,89.7,3.4,0.7,-1.6,-1.8,0.2,0,96.3,-0.9,81.6,2.4,7.6,13.3,10.8,6.4,98.3,1.3,33.9,54.6,17.3,43.6,65.3,7.4,20,2,3,2,2,3
2026,Calendar year,Local authority,E92000001,England,E12000006,East of England,881,E10000012,Essex,16-17,36802,6.2,4.3,1.9,-0.3,0.1,-0.3,36904,91,84.7,4.4,1.9,0.3,0.4,-0.1,0.1,92.8,0.6,84.2,5.5,5.2,7.6,10.6,11.6,790.7,2.1,43.1,57.6,19.3,45.1,63.7,8.7,23.6,4,4,4,4,5
2026,Calendar year,Local authority,E92000001,England,E12000006,East of England,919,E10000015,Hertfordshire,16-17,29835,3.3,2.9,0.4,-0.6,0.1,-0.7,29808,94.2,91.7,2,0.5,0.4,0.7,-0.3,0.1,96.9,0.3,81,2.6,5.5,9.2,13.5,5.4,1363.7,4.6,18.8,67.9,21.4,50.6,71.7,7.9,21.6,1,2,1,2,3
2026,Calendar year,Local authority,E92000001,England,E12000006,East of England,821,E06000032,Luton,16-17,6501,4.5,3.4,1.2,-0.5,0.2,-0.6,6498,94.3,92.6,1.1,0.6,z,z,z,z,96.4,-0.6,79.7,3.5,4.9,9.3,15.5,8.4,178.3,2.7,20,54.4,22.7,45,63.2,7.4,21.7,3,3,3,2,3
2026,Calendar year,Local authority,E92000001,England,E12000006,East of England,926,E10000020,Norfolk,16-17,20110,5.8,5,0.8,0,0,0,20098,87.8,82.3,4.6,0.9,1.1,1.7,-0.6,0,91.5,-0.6,79.8,4.9,8.1,13.5,12.1,6.7,404.7,2,27.5,50.8,21.5,45.2,65.3,9,23.9,4,5,3,5,5
2026,Calendar year,Local authority,E92000001,England,E12000006,East of England,874,E06000031,Peterborough,16-17,c,c,c,c,z,z,z,6301,90.7,86.8,2,1.9,0.5,1.6,-0.3,-0.8,94.9,-0.2,c,c,c,c,c,c,c,c,c,51.2,21.2,42.9,59.6,8.2,24.1,z,z,z,4,4
2026,Calendar year,Local authority,E92000001,England,E12000006,East of England,882,E06000033,Southend-on-Sea,16-17,4806,5.1,2.5,2.7,0.5,-0.7,1.3,4749,94,91.8,1.2,1,-0.2,0.3,-0.8,0.4,99,0.3,77.2,3.6,6,13.1,16.8,9.5,273.3,5.7,20.5,68.8,14.4,52.2,71.4,7.4,20.8,3,2,5,2,1
2026,Calendar year,Local authority,E92000001,England,E12000006,East of England,935,E10000029,Suffolk,16-17,16878,5.5,4.7,0.8,0.2,0.1,0.1,16951,90.3,82.4,4.9,2.9,0.7,1,-0.2,-0.1,93,-1.6,78.2,4.4,8.8,11.5,13,7.7,1519.7,9,20.4,54.3,18.5,42.8,60.7,9.1,24.5,4,4,2,4,4
2026,Calendar year,Local authority,E92000001,England,E12000006,East of England,883,E06000034,Thurrock,16-17,5213,3.8,3.8,0,0,0,0,5259,94.4,88,3.3,3.2,1.3,2.6,-1.2,-0.1,100,0,90.6,3.1,5.8,12.5,3.6,7.8,26.7,0.5,36.3,56.2,17.2,45.2,66,7.3,20.8,2,4,1,2,1
2026,Calendar year,Regional,E92000001,England,E12000007,London,,,,16-17,200390,3.2,2,1.2,-0.1,0,-0.2,201040,96.4,94.1,1.3,0.9,0.1,0.4,-0.3,0,97.7,0.2,85.7,2.7,5.5,6,8.8,5.8,2770,1.4,25.7,68.7,23.1,50.5,70.6,7.2,20.8,z,z,z,z,z
2026,Calendar year,Local authority,E92000001,England,E12000007,London,301,E09000002,Barking and Dagenham,16-17,7767,3.2,3.2,0.1,-0.5,-0.2,-0.3,7826,96,94.5,1.2,0.3,0.6,0.9,-0.3,0,97.5,-0.5,94.8,2.9,3.8,7.4,1.4,12.7,71.7,0.9,24.2,63.2,23.4,48.4,68,6.6,19.1,1,3,1,1,2
2026,Calendar year,Local authority,E92000001,England,E12000007,London,302,E09000003,Barnet,16-17,8622,1.3,0.7,0.6,0.4,0.1,0.3,8624,98.4,96,1.1,1.2,-0.7,-0.3,-0.3,0,99.4,0,84.9,1.1,4.2,4.2,10.9,1.8,96.7,1.1,23.4,75.9,25.8,56.7,78.5,6.7,19,1,1,2,1,1
2026,Calendar year,Local authority,E92000001,England,E12000007,London,303,E09000004,Bexley,16-17,6701,2.7,2.1,0.6,-0.1,-0.1,0,6758,95.5,89.7,4.5,1.3,0.6,0.8,-0.4,0.2,98.5,0,84.6,2.2,4.8,6.2,10.6,4.9,86.3,1.3,39,60.2,20.9,50.6,70.3,7,19.5,1,2,2,2,1
2026,Calendar year,Local authority,E92000001,England,E12000007,London,304,E09000005,Brent,16-17,8202,2.4,1.5,0.9,-0.3,-0.1,-0.2,8277,97.6,95.8,0.8,0.9,0.2,0.4,0,-0.1,97.7,0.1,87.3,2.2,5.1,4.2,7.6,3.7,53.7,0.7,34.2,70.8,22.7,51.5,70.1,6.9,20.6,1,1,3,1,2
2026,Calendar year,Local authority,E92000001,England,E12000007,London,305,E09000006,Bromley,16-17,7785,2.2,1.8,0.4,0.1,0.1,0,7775,97.1,92.6,2.3,2.2,0.1,-0.1,-0.1,0.3,97.9,0.1,79.3,1.8,5.1,3.5,15.6,3.8,62.3,0.8,32.1,67.4,19,50.4,72,7.4,19.6,1,1,1,1,2
2026,Calendar year,Local authority,E92000001,England,E12000007,London,202,E09000007,Camden,16-17,3201,3.6,2.4,1.2,0.7,0.5,0.2,3198,95.2,93.9,0.7,0.7,0.5,1.4,-0.7,-0.3,98.8,0,93.7,3.3,2.7,9.9,3.6,7.5,52,1.6,25.6,68.7,26.4,46.9,63.1,9.6,29.7,2,2,3,2,1
2026,Calendar year,Local authority,E92000001,England,E12000007,London,306,E09000008,Croydon,16-17,10196,5,2.4,2.5,-0.9,0.3,-1.2,10165,94.8,91.7,1.1,2,0.5,0.7,-0.5,0.3,94.5,-0.5,80,4.1,6.4,8.9,13.5,8.4,483.3,4.7,23.7,61.1,22.3,44.5,61.7,8.1,23.9,3,2,4,2,4
2026,Calendar year,Local authority,E92000001,England,E12000007,London,307,E09000009,Ealing,16-17,8886,1.7,1.1,0.7,0.2,0.1,0.1,8900,98.4,97,1,0.4,-0.1,-0.3,0.1,0,98.9,2.7,86.2,1.7,5.5,3.6,8.3,0.7,38,0.4,15.8,74.6,25.1,52,72.8,7.8,22.8,1,1,2,1,1
2026,Calendar year,Local authority,E92000001,England,E12000007,London,308,E09000010,Enfield,16-17,9294,3.3,0.3,2.9,-0.6,-0.8,0.2,9282,96.1,94.9,1,0.2,0.6,0.7,-0.1,-0.1,97.7,0.3,94.8,3.4,5,0.9,0.1,12.2,34.3,0.4,11.7,61.1,18.7,46.2,64.8,7.6,23.2,1,1,5,1,2
2026,Calendar year,Local authority,E92000001,England,E12000007,London,203,E09000011,Greenwich,16-17,6869,3.4,3,0.4,-0.4,0.1,-0.4,6981,96,92.4,2.3,1.2,0.8,0.8,-0.5,0.5,97.6,0.5,83.7,3,4.9,7.2,11.4,4.9,81.3,1.2,34.4,63.4,20.8,46.9,65.1,7.5,21,2,3,1,1,2
2026,Calendar year,Local authority,E92000001,England,E12000007,London,204,E09000012,Hackney,16-17,5407,3.2,2.7,0.5,-0.4,0.2,-0.7,5417,96.5,95.1,0.5,0.9,0.6,0.5,-0.2,0.2,98.7,1.6,78.6,2.1,7,9.7,14.4,5.9,76.7,1.4,33.5,70.3,18,50.5,69.8,7.6,22,1,2,2,1,1
2026,Calendar year,Local authority,E92000001,England,E12000007,London,205,E09000013,Hammersmith and Fulham,16-17,2669,2.4,1,1.4,-1.8,-0.4,-1.4,2694,98,96.3,1,0.7,1,1.6,-0.2,-0.3,97.1,4.6,85,1.9,8.3,7.6,6.6,2.8,8.3,0.3,28,73,22.2,55.5,77.8,7.2,21.8,1,1,3,1,2
2026,Calendar year,Local authority,E92000001,England,E12000007,London,309,E09000014,Haringey,16-17,5654,4.9,2.5,2.4,0,0.5,-0.5,5643,95.5,94.7,0.7,0.1,0,0.3,-0.2,-0.1,95.6,0.6,94.3,4.6,5.6,8.4,0.1,c,10.7,0.2,25,66.3,20,48.5,66.4,7.5,22.7,3,2,4,1,3
2026,Calendar year,Local authority,E92000001,England,E12000007,London,310,E09000015,Harrow,16-17,5983,2,1.3,0.7,-0.1,0,0,6000,97.1,95.5,1,0.7,-0.1,-0.1,-0.1,0,98.5,0.1,87.2,1.6,5,3.4,7.8,5.8,40,0.7,34.2,76.7,26.5,51.1,69.8,7,21.3,1,1,2,1,1
2026,Calendar year,Local authority,E92000001,England,E12000007,London,311,E09000016,Havering,16-17,6802,2.5,2,0.6,-0.3,-0.1,-0.2,6829,95.8,90.7,3,2.2,0.8,1.5,-0.9,0.2,98.4,0.2,87,2.2,4.6,5.6,8.3,4.7,179.7,2.6,21.3,64.2,21.7,47.2,68.1,7,19.1,1,1,2,1,1
2026,Calendar year,Local authority,E92000001,England,E12000007,London,312,E09000017,Hillingdon,16-17,7795,4.7,3.4,1.3,0.6,0.9,-0.2,7798,95.2,92.6,1.7,0.8,-1.3,0.6,-1.5,-0.4,95.7,-1.1,90.1,4,5.4,11.6,4.5,9.5,62.7,0.8,54.3,67.2,26.2,47.8,68.6,7.8,22.4,3,3,3,2,3
2026,Calendar year,Local authority,E92000001,England,E12000007,London,313,E09000018,Hounslow,16-17,7178,3,1.4,1.6,-0.2,-0.3,0.1,7226,96.9,95.5,0.9,0.4,-0.1,0.1,-0.3,0.1,98,-0.5,84.9,2.5,4.4,4,10.7,6.5,60.3,0.8,27.1,70.1,27.8,49.9,69.9,7.1,20.2,1,1,4,1,2
2026,Calendar year,Local authority,E92000001,England,E12000007,London,206,E09000019,Islington,16-17,3705,4.5,2.1,2.4,0.6,-0.5,1.1,3711,94.4,91.9,1.2,1.3,0.4,0.3,0.1,-0.1,97.6,0.4,84.6,3.9,4.7,6.2,10.7,8.1,9.3,0.3,42.9,65.7,18.2,47,64.3,9.4,26.3,3,2,4,2,2
2026,Calendar year,Local authority,E92000001,England,E12000007,London,207,E09000020,Kensington and Chelsea,16-17,1344,4.1,3.2,0.9,-0.7,-0.4,-0.3,1344,95,94,0.4,0.5,0.8,1.7,-0.8,-0.1,98,0.1,83.5,2.9,4.8,4.6,11.7,12.9,c,c,c,75.2,32.9,54.5,77,8.7,25.2,2,3,3,2,2
2026,Calendar year,Local authority,E92000001,England,E12000007,London,314,E09000021,Kingston upon Thames,16-17,4048,2.7,1.3,1.4,1.2,0.3,0.9,4039,96.5,94.4,1.3,0.9,-1.8,-1.5,-0.5,0.2,98.2,0.2,80.2,2.2,7.2,4.5,12.6,4.5,18,0.4,3.7,75.6,27.5,59.2,82.5,6.7,18.3,1,1,3,1,1
2026,Calendar year,Local authority,E92000001,England,E12000007,London,208,E09000022,Lambeth,16-17,5706,3.4,2.3,1.1,-0.9,0.1,-1,5701,96.4,94.2,0.9,1.3,1,1.1,-0.2,0.1,98,0.2,82.8,2.8,7.2,6.1,10,6.6,35,0.6,47.6,58.5,19.3,45.4,62.5,7.4,21.3,2,2,3,1,2
2026,Calendar year,Local authority,E92000001,England,E12000007,London,209,E09000023,Lewisham,16-17,6973,4.8,1.9,2.9,-1.8,0.4,-2.1,7058,96.9,94.7,1.4,0.8,0.9,1.6,-0.8,0.1,98.1,-0.1,82.5,4.1,5.6,10.6,11.9,6.8,129.7,1.9,33.7,61.7,21.9,46.7,63.1,6.8,19.5,3,1,5,1,1
2026,Calendar year,Local authority,E92000001,England,E12000007,London,315,E09000024,Merton,16-17,4873,2.1,1.4,0.6,-0.1,0,0,4879,96.1,93.9,1.6,0.7,-1,-1.4,0.5,-0.1,97.8,0.2,77,1.3,9.1,3,13.9,5.5,21,0.4,14.3,66.4,21.1,52.3,74.3,6.8,18.3,1,1,2,1,2
2026,Calendar year,Local authority,E92000001,England,E12000007,London,316,E09000025,Newham,16-17,9775,3.5,2.7,0.9,-0.7,-0.1,-0.5,9807,96.3,95.1,0.6,0.6,0.7,1.2,-0.3,-0.2,96.3,0.3,87.9,3,3.3,6.8,8.8,7.4,110.3,1.1,33.2,70.6,20.8,51.2,71.5,7,20.6,2,2,3,1,3
2026,Calendar year,Local authority,E92000001,England,E12000007,London,317,E09000026,Redbridge,16-17,8492,3.1,2.4,0.8,0,0.1,-0.1,8597,96.5,94.8,0.9,0.7,0.1,0.1,-0.2,0.2,97.8,0.1,89.8,2.8,4.7,6.1,5.5,6.8,286.7,3.4,22.3,74.8,30,53.9,76.9,6.7,19.2,1,2,2,1,2
2026,Calendar year,Local authority,E92000001,England,E12000007,London,318,E09000027,Richmond upon Thames,16-17,3892,2.3,1.3,0.9,0.7,0.3,0.4,3893,96.9,94.7,1.5,0.6,-1.1,-0.9,0.1,-0.3,97.7,0.3,78.6,1.8,7.7,3.8,13.7,4.3,14,0.4,21.4,75.9,22.4,56.6,80.7,6.7,16.9,1,1,3,1,2
2026,Calendar year,Local authority,E92000001,England,E12000007,London,210,E09000028,Southwark,16-17,6231,3.3,1.2,2.1,0.8,0.1,0.7,6235,96.4,94.7,0.7,1,-0.7,0.1,-0.5,-0.3,99.7,0.1,87.1,3.1,6.5,3,6.4,7.5,26,0.4,15.4,69.3,21.4,52.1,73,6.8,19.1,1,1,4,1,1
2026,Calendar year,Local authority,E92000001,England,E12000007,London,319,E09000029,Sutton,16-17,5830,4.6,1.4,3.2,1.3,0,1.3,5840,94.8,91.1,2.8,0.9,-1.2,-1.2,0.4,-0.4,96.6,0,80.3,3.8,5.5,5.3,14.1,9,63.3,1.1,30,73.6,25.4,59.3,82.1,6.6,17.1,3,1,5,2,3
2026,Calendar year,Local authority,E92000001,England,E12000007,London,211,E09000030,Tower Hamlets,16-17,6880,3.6,3.3,0.4,0.3,0.2,0.1,6907,95.6,93.5,1,1.1,0,0.8,-0.4,-0.4,97,0,87.5,3.4,7,4.1,5.5,6.2,262.3,3.8,25.8,72.4,24.6,47.4,67.3,6.5,18,2,3,1,1,2
2026,Calendar year,Local authority,E92000001,England,E12000007,London,320,E09000031,Waltham Forest,16-17,6548,2,1.3,0.6,0.4,0.3,0.1,6546,97.2,95.3,0.7,1.2,-0.3,-0.4,-0.1,0.2,99.5,0.2,83.9,1.3,7.5,7,8.5,4,228.3,3.5,6.7,69.5,22.6,45.3,63.3,7.6,23.7,1,1,2,1,1
2026,Calendar year,Local authority,E92000001,England,E12000007,London,212,E09000032,Wandsworth,16-17,4682,3,2.8,0.2,-1.2,-0.4,-0.8,4686,96,94.4,0.8,0.8,0.8,1.4,-0.3,-0.3,98.1,-0.3,84.2,2.2,6.6,9.7,9.2,6.1,63.7,1.4,31.4,69,28.6,51.8,73.3,7.1,20.1,1,2,1,1,1
2026,Calendar year,Local authority,E92000001,England,E12000007,London,213,E09000033,Westminster,16-17,2351,4.1,3.2,0.9,0.1,0.3,-0.2,2357,95.9,94.6,0.7,0.6,0.1,0.3,-0.3,0.1,98.1,-0.1,84.8,2.9,5.3,8,9.9,12.2,c,c,c,73.7,30.2,53.2,74.2,7.9,24,2,3,3,1,1
2026,Calendar year,Regional,E92000001,England,E12000001,North East,,,,16-17,62060,7.2,5.1,2.1,0.4,0,0.4,62080,89.9,80.3,4.8,4.9,-0.3,0.7,-1.2,0.3,93.1,-1.7,83,6.1,6.5,12.9,10.6,11.8,2930,4.7,27.7,50.7,17.9,44.1,62.9,9.2,25.6,z,z,z,z,z
2026,Calendar year,Local authority,E92000001,England,E12000001,North East,841,E06000005,Darlington,16-17,2390,2.2,1.7,0.5,-2.1,-0.4,-1.8,2393,95.6,85.5,3.9,6.2,2,2.6,-1.3,0.7,96.8,1.6,94.9,2,4.9,7.4,0.2,c,c,c,c,51.6,21.9,44.3,64.8,8.5,25.6,1,1,2,1,3
2026,Calendar year,Local authority,E92000001,England,E12000001,North East,390,E08000037,Gateshead,16-17,4303,4.8,4.3,0.6,-0.1,-0.1,0,4325,89.5,84.4,4.1,1,-1.5,0.1,-1,-0.7,95.4,-2.8,93.9,4.4,6.1,11.3,z,z,82,1.9,14.2,55.7,15.2,47,68.6,9.3,24.1,3,4,2,5,3
2026,Calendar year,Local authority,E92000001,England,E12000001,North East,805,E06000001,Hartlepool,16-17,2517,6.5,6.4,0.1,1.8,1.7,0.1,2542,89.2,81,4.1,4.1,-1.3,-0.7,-0.6,0,97.7,-0.1,87.5,5.2,6.7,16.6,5.8,15.6,124,4.9,42.2,48.8,19.1,42.4,60.2,9.6,26.6,4,5,1,5,2
2026,Calendar year,Local authority,E92000001,England,E12000001,North East,806,E06000002,Middlesbrough,16-17,3865,4.4,4,0.4,0.1,-0.1,0.2,3868,94.9,81.5,2.1,11.2,0.4,0.2,-0.9,1,97,0.2,75.4,3.3,5.8,11.4,18.7,6.9,12,0.3,66.7,47.1,16,41.1,57.3,10.3,30,3,4,2,2,2
2026,Calendar year,Local authority,E92000001,England,E12000001,North East,391,E08000021,Newcastle upon Tyne,16-17,6852,7.1,6.3,0.8,-0.9,-0.6,-0.2,6846,91.1,80.8,4.6,5.7,1.2,0.7,-0.3,0.8,94.2,0.2,82.3,5.5,6.2,19.1,11.5,11.8,436,6.4,34.4,51.4,16.8,43.9,62.6,9.8,26.2,5,5,2,4,4
2026,Calendar year,Local authority,E92000001,England,E12000001,North East,392,E08000022,North Tyneside,16-17,4965,4.4,3.6,0.8,0.8,0.9,-0.2,4956,93.2,82.3,6.6,4.3,-1.2,0.8,-3,1,98.2,1.8,80.1,2.7,7.4,12,12.5,11,513,10.3,19.9,58,23.1,46,64.8,7.9,20.9,3,4,3,2,1
2026,Calendar year,Local authority,E92000001,England,E12000001,North East,929,E06000057,Northumberland,16-17,6822,19.1,3.4,15.7,4,-0.6,4.6,6802,85.7,77.4,4.1,4.1,-1.2,1.2,-2.9,0.4,73.1,-17.2,80.6,18.7,7.5,15.2,11.9,24.5,72,1.1,35.6,50.6,18,44,62.8,8.6,22.4,5,3,5,5,5
2026,Calendar year,Local authority,E92000001,England,E12000001,North East,807,E06000003,Redcar and Cleveland,16-17,3227,5.5,5.5,0,0.1,0.1,0,3229,91.7,79.6,3.6,8.6,0,1.3,-1.8,0.4,97,0.7,76.2,4.9,7.4,6.7,16.3,7.6,76,2.4,21.9,52.8,19.7,44.4,65.2,9.2,25.3,4,5,1,3,2
2026,Calendar year,Local authority,E92000001,England,E12000001,North East,393,E08000023,South Tyneside,16-17,3520,6.6,6.5,0.1,1,1,0,3521,90.5,78.2,7.9,4.3,-1,-1.9,0.4,0.5,92.4,-0.6,76.1,5.3,7,9.4,16.9,11.3,137.7,3.9,26.9,52.2,22.4,42.7,60.8,10.1,28.2,4,5,1,4,5
2026,Calendar year,Local authority,E92000001,England,E12000001,North East,808,E06000004,Stockton-on-Tees,16-17,5177,7.1,7,0.1,-0.2,-0.2,0,5179,89.6,79.1,3.9,6.5,0.1,0.5,-0.7,0.2,94.7,0.3,90.6,6.1,6.8,16.6,2.6,18,202,3.9,36.5,53.1,15.9,45,66.2,9.3,27.1,5,5,1,5,4
2026,Calendar year,Local authority,E92000001,England,E12000001,North East,394,E08000024,Sunderland,16-17,6725,6.3,5.6,0.6,-0.4,-0.2,-0.3,6723,90.2,80.7,5.7,3.8,0,2.4,-1.3,-1.1,93,0.8,79.1,4.9,5.6,11.5,15.3,11.6,237.7,3.5,32.1,46.6,13.6,43.3,61.3,9.8,28.4,4,5,2,4,4
2026,Calendar year,Local authority,E92000001,England,E12000001,North East,840,E06000047,County Durham,16-17,11695,5.4,5.2,0.3,0,0.1,-0.1,11698,87.2,78.6,5.4,3.2,-0.5,0.1,-0.9,0.3,97.2,0.5,83.7,4.7,6.2,11.6,10.1,7.8,1038,8.9,24.8,46.9,18.6,44.1,61.4,8.8,25.4,3,5,1,5,2
2026,Calendar year,Regional,E92000001,England,E12000002,North West,,,,16-17,187070,5.5,4.3,1.3,-0.2,-0.1,-0.1,187380,91.4,83.9,5.1,2.3,0.8,2,-1.3,0,95.1,-0.5,82.4,4.4,6.8,11.2,10.8,10.3,8070,4.3,26.8,54.9,21.2,44.6,62.3,8.6,23.8,z,z,z,z,z
2026,Calendar year,Local authority,E92000001,England,E12000002,North West,889,E06000008,Blackburn with Darwen,16-17,5039,3.9,3.6,0.4,-1.2,-1.1,-0.1,5080,93.3,87,4.5,1.8,1.6,2.5,-0.4,-0.5,97.5,0.3,95.4,3.8,3.7,5.8,1,10.4,134.7,2.7,25.2,58.7,21.2,45.4,63.4,8.4,24.5,2,3,1,2,2
2026,Calendar year,Local authority,E92000001,England,E12000002,North West,890,E06000009,Blackpool,16-17,3368,9.1,6.7,2.4,0.2,-0.9,1.1,3353,86.1,78.8,3.5,3.7,1.8,2.4,-1.4,0.9,83.3,-0.1,91.8,7.9,4.7,10.8,3.5,37,113,3.4,59.9,42.9,13.3,37,51.2,9.6,29.6,5,5,4,5,5
2026,Calendar year,Local authority,E92000001,England,E12000002,North West,350,E08000001,Bolton,16-17,8651,4.3,4.1,0.3,0.1,0.2,-0.1,8647,91.7,85.6,3.4,2.7,0.8,1.8,-0.6,-0.3,99.2,-0.1,88.2,3.6,5,14.3,6.8,6.8,361.3,4.2,24.8,55.2,21.4,45.7,64.6,8.2,23.1,2,4,1,3,1
2026,Calendar year,Local authority,E92000001,England,E12000002,North West,351,E08000002,Bury,16-17,5102,4.3,4.3,0.1,0.2,0.2,0,5116,91.3,85.8,3.2,2.3,1.1,1.7,-0.9,0.3,97.7,-0.7,83.4,3.2,7.9,11,8.7,8.7,214,4.2,20.7,58.6,30.3,43.4,61.5,8.8,25.2,2,4,1,4,2
2026,Calendar year,Local authority,E92000001,England,E12000002,North West,895,E06000049,Cheshire East,16-17,8814,3.6,3.6,0,-0.1,0,-0.1,8843,92.5,87.2,4.6,0.7,-0.2,0.1,-0.5,0.1,96.9,0.1,85.5,2.9,8,9.2,6.5,6.3,268.7,3,33.7,63.7,20.1,47.1,67.8,7.9,20.4,2,4,1,3,3
2026,Calendar year,Local authority,E92000001,England,E12000002,North West,896,E06000050,Cheshire West and Chester,16-17,8066,4.5,4.1,0.3,-0.2,0,-0.2,8094,92.3,86.6,3.8,1.9,0.5,1.6,-1,-0.1,96.7,0.7,82.8,3.1,7.4,11.5,9.8,10.5,357,4.4,34.4,57,15.5,44.6,62.8,9.2,24.7,3,4,1,3,3
2026,Calendar year,Local authority,E92000001,England,E12000002,North West,942,E06000063,Cumberland,16-17,6195,4,3,1,0.5,0.4,0.1,6244,89.5,73.6,12,3.9,-0.4,1.9,-2.1,-0.2,95,0.1,84.3,3.5,5.5,7.8,10.2,5.7,135,2.2,25.2,z,z,42.3,57.5,8.7,23.2,2,2,3,5,4
2026,Calendar year,Local authority,E92000001,England,E12000002,North West,876,E06000006,Halton,16-17,3328,6.9,6.4,0.4,0.9,0.7,0.2,3329,87.4,77.4,5.3,4.7,-1.8,0.7,-0.2,-2.3,93.9,-1.4,80.5,5.1,7.2,10.6,12.3,16.4,160.3,4.8,34.5,49.2,21.3,42.1,59.1,9.8,28.5,5,5,1,5,4
2026,Calendar year,Local authority,E92000001,England,E12000002,North West,340,E08000011,Knowsley,16-17,3919,5.7,5.2,0.5,-0.8,-0.5,-0.3,3905,89.5,81.7,6.9,0.9,0.3,2.2,-1.2,-0.7,97.8,0.4,81.8,4.6,8.5,9.5,9.7,11.6,309.3,7.9,32.3,37.4,14.3,34.4,44.2,11,32,4,5,2,5,2
2026,Calendar year,Local authority,E92000001,England,E12000002,North West,888,E10000017,Lancashire,16-17,31152,6,3.7,2.3,-0.4,-0.2,-0.2,31223,91.7,80.9,8.6,2.2,0.8,4.1,-3.8,0.5,91.9,-2.7,77.2,4.7,5.9,9.2,16.9,11.2,830,2.7,26.3,56.8,24.5,45.1,63.9,8.4,23.3,4,4,4,3,5
2026,Calendar year,Local authority,E92000001,England,E12000002,North West,341,E08000012,Liverpool,16-17,11350,9,5.8,3.2,0.2,-0.1,0.3,11376,89.7,82.3,4.1,3.3,2.1,1.6,0.1,0.4,93.6,-0.7,77.5,7.6,8,18.4,14.5,10.8,810.3,7.1,31.3,50.1,18.7,42.1,57.3,9.7,27,5,5,5,5,4
2026,Calendar year,Local authority,E92000001,England,E12000002,North West,352,E08000003,Manchester,16-17,15112,7.4,5.3,2.1,0.1,0,0,15211,90.9,87.8,2.2,0.9,0.5,0.8,-0.6,0.4,92.7,0.8,80.4,5.7,8.2,15,11.4,13.9,519.7,3.4,28,58.2,20.7,44.8,61.3,8.1,21.6,5,5,4,4,5
2026,Calendar year,Local authority,E92000001,England,E12000002,North West,353,E08000004,Oldham,16-17,7177,4.6,3.7,0.8,-1.1,-0.3,-0.8,7173,92.3,87.1,3.3,1.9,3.5,3.5,-0.5,0.5,98.8,-0.2,91.2,4.4,6.8,6.4,2,5.6,363.3,5.1,14.4,53.8,22.3,42.3,57.7,7.8,22.1,3,4,3,3,1
2026,Calendar year,Local authority,E92000001,England,E12000002,North West,354,E08000005,Rochdale,16-17,6687,6.1,5,1.1,0,0.6,-0.6,6690,91.3,85.5,3.7,2.1,2.1,2.4,-1.1,0.7,97.5,-1.4,85.7,5,6.3,9.9,8,14.4,369,5.5,24,54,20,40.6,55.4,9,26.2,4,5,3,4,2
2026,Calendar year,Local authority,E92000001,England,E12000002,North West,355,E08000006,Salford,16-17,6243,7.3,5.8,1.4,-1,-0.2,-0.8,6244,89.4,83.2,3.8,2.5,1,2.7,-0.9,-0.8,92.2,-0.1,76.7,5.7,7.5,10.2,15.8,13.5,914.7,14.7,19.9,45.7,17.5,42.9,61.2,9.3,26.5,5,5,4,5,5
2026,Calendar year,Local authority,E92000001,England,E12000002,North West,343,E08000014,Sefton,16-17,6200,3.9,3.7,0.2,0,0.1,-0.1,6192,92.9,86.3,3.5,3,-0.1,0.5,-0.4,-0.2,96.3,0.2,80.4,2.8,8.5,10,11.1,7,410.3,6.6,19.7,51.7,22,42.9,60,10.1,28.7,2,4,1,3,3
2026,Calendar year,Local authority,E92000001,England,E12000002,North West,342,E08000013,St. Helens,16-17,4394,6.2,5.7,0.5,-0.2,-0.1,-0.1,4394,90.7,83.6,3.8,3.3,0.9,2.6,-0.7,-0.9,92.3,0,84.1,5.5,7.2,13.9,8.7,6.5,150.7,3.4,34.5,45.6,20.5,41.8,56.7,9.3,24.7,4,5,2,4,5
2026,Calendar year,Local authority,E92000001,England,E12000002,North West,356,E08000007,Stockport,16-17,7209,4.2,3.9,0.3,-0.4,-0.3,-0.1,7209,93.2,85.5,4.9,2.7,1,1.6,-0.6,0.1,97.5,0.1,76.8,2.3,7.8,12.1,15.4,9.2,498,6.9,24,55.9,21.4,47.1,66.8,8.9,22.8,2,4,1,3,2
2026,Calendar year,Local authority,E92000001,England,E12000002,North West,357,E08000008,Tameside,16-17,6012,4.6,3,1.6,-2.7,-1.5,-1.2,6003,91.5,87.2,2.2,2,1.7,4.2,-2.2,-0.3,96.8,-2.2,88.8,4.2,6.8,7.9,4.4,8.4,265.3,4.4,19,49.5,17.5,43.5,62.6,9.1,25,3,3,4,4,3
2026,Calendar year,Local authority,E92000001,England,E12000002,North West,358,E08000009,Trafford,16-17,6679,4.2,2.7,1.5,0.1,0.4,-0.3,6679,94.7,90.9,2.2,1.6,0.2,4.4,-4.1,-0.1,96.6,0.4,84.7,3.4,6.7,12.5,8.6,6.4,63.3,0.9,24.2,72,25.3,57.9,79.2,6.5,15.5,2,2,4,2,3
2026,Calendar year,Local authority,E92000001,England,E12000002,North West,877,E06000007,Warrington,16-17,5294,3.7,3.5,0.2,0,-0.1,0.1,5299,92.5,85.1,4.5,2.9,0.3,0.9,-0.4,-0.2,99,0.2,82.8,2.9,5.5,9.3,11.7,6.5,147.3,2.8,26.5,60.6,25.8,48.5,69.1,7.7,20.1,2,3,1,3,1
2026,Calendar year,Local authority,E92000001,England,E12000002,North West,943,E06000064,Westmorland and Furness,16-17,4642,2.7,2,0.7,0.4,0.1,0.3,4640,92.6,75.9,14.5,2.2,-0.2,-1.7,1.7,-0.2,96.7,0.4,84.1,2.2,6.7,6,9.2,4.8,85.3,1.8,17.6,z,z,45.4,62.5,8.2,22.1,1,1,2,3,3
2026,Calendar year,Local authority,E92000001,England,E12000002,North West,359,E08000010,Wigan,16-17,8517,5.6,3.9,1.7,0.5,0.2,0.4,8513,90.6,81,5.9,3.6,0.3,0.5,-0.2,0,95.5,0.4,85.2,4.7,6.9,9.9,7.9,11.4,256,3,29.3,52.7,22.3,43.4,61.1,8.4,22.9,4,4,4,4,3
2026,Calendar year,Local authority,E92000001,England,E12000002,North West,344,E08000015,Wirral,16-17,7926,6.2,5.3,0.9,0.7,0.7,0,7921,90.7,85.7,3.7,1.3,-0.8,0.4,-0.7,-0.4,95,0.1,79.5,5.3,6.4,13.4,14.1,8.5,329.7,4.2,42.2,54.4,22.2,45.3,62,9.3,25.4,4,5,3,4,4
2026,Calendar year,Regional,E92000001,England,E12000008,South East,,,,16-17,222260,6.9,3.6,3.3,-0.1,0.3,-0.4,222240,90.9,86.5,3.2,1.3,0.1,0.5,-0.3,-0.2,93.6,0.4,82.1,5.9,6.5,10.2,11.4,12.6,5630,2.5,30.7,58.1,21.2,47.1,66.9,8.5,23.2,z,z,z,z,z
2026,Calendar year,Local authority,E92000001,England,E12000008,South East,867,E06000036,Bracknell Forest,16-17,3221,4.8,3.3,1.5,0.4,-0.2,0.6,3210,91.6,87.2,3.3,1.2,-0.2,-0.4,-0.2,0.4,95.3,-0.2,84.2,3.8,6.6,8.6,9.2,10.5,130.7,4.1,24,57.2,23.1,46.9,66.8,7.7,19.8,3,3,4,3,3
2026,Calendar year,Local authority,E92000001,England,E12000008,South East,846,E06000043,Brighton and Hove,16-17,5676,8.2,5.2,3,1.5,0.2,1.3,5682,89,87.2,1.6,0.2,-1,0.3,-1.1,-0.2,94.1,-0.9,78.5,5.8,7.3,21.7,14.2,14.6,277.3,4.9,42.5,60.4,22.5,46.2,66.9,10.8,29.4,5,5,5,5,4
2026,Calendar year,Local authority,E92000001,England,E12000008,South East,825,E06000060,Buckinghamshire,16-17,13887,7.3,2.4,4.9,-0.2,0,-0.2,13880,93,88,2.9,2.2,0.6,0.5,-0.8,0.9,94,1.8,81.2,6.3,7.4,12.2,11.4,11.8,519.3,3.7,20.9,69.4,22.5,53.4,73.8,8.2,23.3,5,2,5,3,4
2026,Calendar year,Local authority,E92000001,England,E12000008,South East,845,E10000011,East Sussex,16-17,12111,6.4,5.5,0.9,0.6,0.5,0.1,12085,88.1,84.3,3.3,0.5,-0.1,0.4,-0.2,-0.3,93.3,-0.2,85.2,5.8,6.3,8.5,8.5,11,555.7,4.6,23.8,51.5,15.8,43.1,63.3,9.5,26.4,4,5,3,5,4
2026,Calendar year,Local authority,E92000001,England,E12000008,South East,850,E10000014,Hampshire,16-17,32818,5.4,3.6,1.8,-0.1,0.1,-0.2,32794,90.1,84.2,4.4,1.5,-0.7,-0.3,-0.1,-0.2,96.9,0.1,78.3,4,7.7,10.8,14,10.5,662,2,33.2,56.8,22.5,45.5,65.1,8.4,22,4,4,4,4,3
2026,Calendar year,Local authority,E92000001,England,E12000008,South East,921,E06000046,Isle of Wight,16-17,2889,4.5,3.2,1.3,0.7,0.1,0.6,2891,93.1,81.2,4.3,7.7,-0.4,-0.4,0.4,-0.3,98,-0.8,76.2,3.6,7.8,9.5,16,6.6,34,1.2,47.1,47.6,15.4,41.5,59.2,10,29.3,3,3,3,3,2
2026,Calendar year,Local authority,E92000001,England,E12000008,South East,886,E10000016,Kent,16-17,39764,8,4.8,3.2,-0.1,0.9,-1,39733,89.2,84.3,3.2,1.8,0,0.3,-0.2,-0.1,95.4,0,83.5,7.2,6.5,7.8,10,14.7,985,2.5,48.1,55,19.5,46.7,65.1,8.2,23.9,5,4,5,5,3
2026,Calendar year,Local authority,E92000001,England,E12000008,South East,887,E06000035,Medway,16-17,8083,10.8,5.9,4.9,1.1,-0.7,1.8,7979,88.5,81,2.9,4.5,1.4,1.1,-0.1,0.4,89.5,-1,82.6,9.8,4.5,9.2,12.9,17.8,85.3,1.1,39.8,50.2,17.1,46,63.6,7.9,22.6,5,5,5,5,5
2026,Calendar year,Local authority,E92000001,England,E12000008,South East,826,E06000042,Milton Keynes,16-17,8212,5,3,2,0.8,0.1,0.7,8216,94.2,91.5,2.2,0.5,-0.4,0.5,-0.2,-0.8,97.4,-0.4,84.7,3.9,4.4,13.4,10.9,10.8,301.3,3.7,27,57.2,21.9,44.2,63.3,8.6,23.6,3,3,4,2,2
2026,Calendar year,Local authority,E92000001,England,E12000008,South East,931,E10000025,Oxfordshire,16-17,15121,8.1,2.1,6,0,-0.6,0.6,15090,92.5,87.8,3.9,0.7,0.8,1.3,-0.2,-0.2,84.9,7.3,88.2,7.2,6.4,6.3,5.4,24.8,254,1.7,28.7,61.3,21.7,46.4,66.2,9.6,24.4,5,2,5,3,5
2026,Calendar year,Local authority,E92000001,England,E12000008,South East,851,E06000044,Portsmouth,16-17,4902,11.5,5.5,6,3.8,-0.5,4.3,4911,87.1,83,3,1.1,-1.2,-0.2,-0.8,-0.2,91,-0.2,82.1,10.4,5.4,16,12.6,17,103.7,2.1,48.9,41.6,18,39.5,55.8,10.1,25.7,5,5,5,5,5
2026,Calendar year,Local authority,E92000001,England,E12000008,South East,870,E06000038,Reading,16-17,4180,4.8,3.9,0.9,1,0.5,0.5,4161,91.4,87.1,3.1,1.1,-0.1,-0.4,0.3,0,95.1,-0.1,81.1,3.9,5.1,9.5,13.8,8.7,126.7,3,25,60.2,23.4,50.2,66.4,8.1,23.3,3,4,3,4,3
2026,Calendar year,Local authority,E92000001,England,E12000008,South East,871,E06000039,Slough,16-17,5213,7.3,3.4,3.9,-2.2,0.1,-2.4,5227,92.4,90.7,1.1,0.5,0.4,0.9,-0.3,-0.2,91.1,-3,86.6,6.1,4.3,13.2,9,15.7,66.3,1.3,15.1,69.2,25.8,53.1,72.2,7.4,21.7,5,3,5,3,5
2026,Calendar year,Local authority,E92000001,England,E12000008,South East,852,E06000045,Southampton,16-17,5960,7.2,4.9,2.3,0.4,0,0.4,5984,88.9,86,1.9,1,-0.2,1.2,-1,-0.3,87.8,-5.1,79.5,5.5,5.9,17.7,14.5,12.6,117.3,2,23,48.3,19.2,41.9,57.2,10.5,27.2,5,5,4,5,5
2026,Calendar year,Local authority,E92000001,England,E12000008,South East,936,E10000030,Surrey,16-17,28175,4.9,2.3,2.6,-0.8,0.3,-1.1,28201,93.9,90.6,3,0.3,0.4,1.9,-0.7,-0.7,94,1.4,83.3,4.3,7.4,9.6,9.4,7.2,843,3,18.2,62.8,25.7,50.8,73.5,7.5,19.4,3,2,4,2,4
2026,Calendar year,Local authority,E92000001,England,E12000008,South East,869,E06000037,West Berkshire,16-17,3958,3.7,3.4,0.3,0.3,0.6,-0.3,3961,90.7,83.3,4.8,2.6,-0.9,-0.8,-0.3,0.3,96.8,-0.7,75.2,2.2,6.2,11.7,18.6,7,196,5,29.6,62.9,24.2,48,68.5,8.5,21.4,2,3,1,4,3
2026,Calendar year,Local authority,E92000001,England,E12000008,South East,938,E10000032,West Sussex,16-17,19880,9.7,3,6.7,-1.8,0.8,-2.7,20017,90,87.1,2.6,0.3,0.8,0.7,0.7,-0.5,91.3,-1.2,79.4,8.6,6.1,8.1,14.4,16.4,333.7,1.7,30.3,55.3,20.6,46.2,67.4,8.6,23.7,5,3,5,4,5
2026,Calendar year,Local authority,E92000001,England,E12000008,South East,868,E06000040,Windsor and Maidenhead,16-17,3488,5.6,1.7,3.9,1.1,-0.1,1.2,3490,94.4,91.3,2.8,0.3,-0.5,0.1,-0.4,-0.2,91.3,-0.1,78.4,4,5.1,11.4,16.5,11.3,7,0.2,28.6,66.5,26.8,47.3,68.4,8,22.3,4,1,5,2,5
2026,Calendar year,Local authority,E92000001,England,E12000008,South East,872,E06000041,Wokingham,16-17,4724,3.5,2.5,1.1,-1.3,-0.1,-1.2,4725,95,91.3,3,0.7,0.6,0.3,0.1,0.1,96.4,1.3,84.6,2.5,6.2,12.2,9.2,7,32.3,0.7,14.4,69.8,26.7,53.2,77.3,7,19.3,2,2,3,2,3
2026,Calendar year,Regional,E92000001,England,E12000009,South West,,,,16-17,127890,7.3,3.4,3.9,1.2,-0.5,1.7,127930,89.6,82.5,4.4,2.7,-0.8,-0.3,-1.3,0.7,90.6,-3.1,82.5,6.4,7,10.2,10.5,12.2,4930,3.9,23.7,55.5,20.4,46.2,65.9,9.1,24.8,z,z,z,z,z
2026,Calendar year,Local authority,E92000001,England,E12000009,South West,800,E06000022,Bath and North East Somerset,16-17,3665,4.8,2.1,2.8,0.2,-0.2,0.4,3691,95.2,89.7,4.1,1.4,0.8,0.3,0.4,0.2,97.4,-0.3,81.1,4.2,8,6.5,10.9,8.4,76.3,2.1,21.4,58.4,21.8,47.9,68.3,8.6,22.7,3,1,5,2,2
2026,Calendar year,Local authority,E92000001,England,E12000009,South West,801,E06000023,"Bristol, City of",16-17,9762,6.4,5.6,0.8,0,-0.4,0.3,9771,90,84.5,4.8,0.7,-0.1,0.6,-0.2,-0.6,94.6,0.1,81.6,5.5,7.6,14,10.9,8.3,736,7.5,19.2,53.5,17.4,46.4,64.9,10.3,29.3,4,5,3,4,4
2026,Calendar year,Local authority,E92000001,England,E12000009,South West,908,E06000052,Cornwall,16-17,12952,5.7,3.3,2.3,-1,-1.2,0.2,12927,90.3,78.1,5.5,6.7,0.7,-2.1,-1.1,3.9,93.1,-0.9,93.5,5.6,5.5,5.8,0.9,9.4,573.3,4.4,19.4,54.5,22.9,45.2,63.8,9.2,26.3,4,3,4,4,4
2026,Calendar year,Local authority,E92000001,England,E12000009,South West,878,E10000008,Devon,16-17,17658,5.2,4,1.2,-0.8,-0.1,-0.8,17664,91.8,82.7,6.8,2.3,1.5,1.3,-0.3,0.5,93.7,-0.5,73.9,3.7,9.7,11.3,16.4,8.5,1112.7,6.3,17.9,54.9,20,45.4,66.3,9.9,27,3,4,3,3,4
2026,Calendar year,Local authority,E92000001,England,E12000009,South West,838,E06000059,Dorset,16-17,8018,4.7,4.3,0.4,0.2,0.2,0,7995,89.7,82.7,5.9,1.1,0.2,1.4,-0.9,-0.3,93.5,-0.2,82.2,3.6,8.9,9.7,8.8,9.3,216.7,2.7,20.6,54.6,21.9,43.2,62,9.1,24.6,3,4,1,5,4
2026,Calendar year,Local authority,E92000001,England,E12000009,South West,916,E10000013,Gloucestershire,16-17,14925,4.4,3.5,0.8,-0.4,-0.4,-0.1,14928,90.3,83.8,3.8,2.7,1,1.9,-1,0.1,94.1,-1.7,89.8,4.2,5.7,6.3,4.5,4.8,585,3.9,24.7,61.5,20.6,50.3,70.6,8.3,22.5,3,3,3,4,4
2026,Calendar year,Local authority,E92000001,England,E12000009,South West,802,E06000024,North Somerset,16-17,5314,6,3.4,2.6,-0.7,0.5,-1.2,5315,93.1,87.3,5,0.8,0.6,-0.8,1.8,-0.3,91.7,11.1,87.1,5.6,7.2,6.8,5.7,10.1,155.3,2.9,36.5,58,20.5,46.8,67.2,9.2,24.8,4,3,4,3,5
2026,Calendar year,Local authority,E92000001,England,E12000009,South West,879,E06000026,Plymouth,16-17,6250,6.6,4.3,2.3,-0.1,-0.4,0.3,6243,91.2,83.8,6.2,1.2,1,5.6,-3.8,-0.9,91.7,-2.5,75.4,5.8,6.8,9.5,17.8,9.1,251.7,4,31.4,47.3,17.7,45.7,66.2,10.2,29.1,4,4,4,4,5
2026,Calendar year,Local authority,E92000001,England,E12000009,South West,933,E06000066,Somerset,16-17,12031,20.5,0.9,19.6,12.7,-2.8,15.5,12105,79.2,78.3,0.8,0.1,-10.2,-3.1,-5.8,-1.3,82.4,-10.8,78.3,19.2,6,21.9,15.7,26.7,254.7,2.1,42,50.4,19.6,43.5,61.3,9.4,24.9,5,1,5,5,5
2026,Calendar year,Local authority,E92000001,England,E12000009,South West,803,E06000025,South Gloucestershire,16-17,7014,6.3,3.3,3,-0.4,0.6,-1,7038,92.6,82.5,7.7,2.4,0.4,2.3,-2.3,0.4,91.5,-6.1,80.7,5.1,3.8,3.7,15.5,13.1,c,c,c,51.8,20.8,42.9,61.6,9,24,4,3,5,3,5
2026,Calendar year,Local authority,E92000001,England,E12000009,South West,866,E06000030,Swindon,16-17,6211,7.2,3.7,3.6,-4.6,0.8,-5.5,6207,92,74.3,0,17.7,2.6,-9.8,0,12.4,90.5,6.9,88.1,6.3,4.1,10.1,7.8,15.8,135,2.2,26.2,52.6,21.9,44,62.8,8.5,23.9,5,4,5,3,5
2026,Calendar year,Local authority,E92000001,England,E12000009,South West,880,E06000027,Torbay,16-17,3188,5.2,4.1,1.2,-0.3,0.4,-0.7,3181,92.2,86.5,4,1.7,1.5,2.7,-0.6,-0.5,95.6,-0.1,74.4,4,8,7.2,17.7,9.5,211.7,6.6,21.9,54.7,18.8,47.4,65.2,9,23.3,3,4,3,3,3
2026,Calendar year,Local authority,E92000001,England,E12000009,South West,865,E06000054,Wiltshire,16-17,11590,3.6,3,0.6,0.4,0.4,0,11591,91.4,87.9,2.9,0.6,-1,-0.9,-0.1,0,98.1,0.5,81.3,2.8,7.8,7.9,10.8,5.9,267.3,2.3,33.4,59,20.8,46.2,65.4,8.8,22.4,2,2,2,4,1
2026,Calendar year,Local authority,E92000001,England,E12000009,South West,839,E06000058,"Bournemouth, Christchurch and Poole",16-17,9277,12.7,2.3,10.5,7.2,-1.7,8.9,9237,84.1,80.1,3.5,0.5,-6.1,-2.8,-1.5,-1.8,63.9,-28.6,82.6,12,8.2,11.2,9.2,20.7,353.7,3.8,27.1,60,20.4,50.5,74.5,7.9,21.5,5,2,5,5,5
2026,Calendar year,Regional,E92000001,England,E12000005,West Midlands,,,,16-17,153530,5.7,3,2.7,-0.4,-0.2,-0.2,154090,92.6,87.1,3.5,2,0.6,0.9,-0.5,0.2,95.9,0.9,82.9,4.9,5.4,9.6,11.8,9.4,3410,2.2,21.7,55.4,18.6,44.6,61.9,8.3,23.8,z,z,z,z,z
2026,Calendar year,Local authority,E92000001,England,E12000005,West Midlands,330,E08000025,Birmingham,16-17,35046,6.3,3.1,3.2,-0.1,-0.1,0,35274,93.7,89.9,2.3,1.4,0.3,0.5,-0.3,0.1,96.3,0.2,84.2,5.9,4.3,7,11.5,9.5,191.3,0.5,27.4,60.2,18.6,46.6,64.2,8.1,24.8,4,3,5,2,3
2026,Calendar year,Local authority,E92000001,England,E12000005,West Midlands,331,E08000026,Coventry,16-17,9262,3.4,2.7,0.7,-1,-0.9,0,9314,94.1,87.8,4,2.4,0.9,0.5,-0.8,1.3,98,0.1,80.8,3,4.5,5.7,14.7,4.5,228.3,2.5,16.9,55.8,18.6,44,61.1,9,24.9,1,2,2,2,1
2026,Calendar year,Local authority,E92000001,England,E12000005,West Midlands,332,E08000027,Dudley,16-17,7901,12.7,2.6,10.1,-8.7,0.3,-9,7916,89.6,85.8,1.8,2,7.4,6.4,0.5,0.5,84.2,6.9,82.4,11.7,5.5,16.2,12.1,18.5,191.7,2.4,40,54.1,16.9,43,61,8.7,26.2,5,2,5,5,5
2026,Calendar year,Local authority,E92000001,England,E12000005,West Midlands,333,E08000028,Sandwell,16-17,10574,2.4,1.6,0.7,-0.2,-0.3,0.1,10561,95.4,91.3,2.1,2.1,-0.2,0.5,-0.4,-0.3,99.7,0,84,1.8,4.3,7.2,11.7,4.3,242.7,2.3,17.9,51,17.1,41.8,55.8,8.1,24.3,1,1,2,2,1
2026,Calendar year,Local authority,E92000001,England,E12000005,West Midlands,893,E06000051,Shropshire,16-17,6690,3.6,3.2,0.3,0.6,0.6,-0.1,6706,93.2,84.5,5.7,3,0.7,0.5,-0.6,0.8,94.9,-0.4,82.3,3.1,6.8,6.1,10.9,5.5,519,7.8,10.4,57.8,19.8,42.5,58.9,8.4,23.7,2,3,1,3,4
2026,Calendar year,Local authority,E92000001,England,E12000005,West Midlands,334,E08000029,Solihull,16-17,5721,5.1,4.8,0.3,0.4,0.6,-0.2,5736,92.7,86.6,4.2,1.9,-0.9,1.3,-1.3,-0.9,97.1,-0.1,80.5,4.1,6.5,11.5,13,7.7,171.7,3,45.4,58.9,18.5,47,67.4,8.5,23.2,3,4,1,3,2
2026,Calendar year,Local authority,E92000001,England,E12000005,West Midlands,860,E10000028,Staffordshire,16-17,19268,5.8,3.8,1.9,-0.2,-0.3,0.1,19403,90.2,82,5.5,2.7,0.5,1.3,-0.8,0,95.2,1.4,82.2,4.6,6.6,12.5,11.2,10.3,348.7,1.8,37.2,55.7,19.9,43.9,61.9,7.6,20.9,4,4,4,4,3
2026,Calendar year,Local authority,E92000001,England,E12000005,West Midlands,861,E06000021,Stoke-on-Trent,16-17,7548,5.2,2.9,2.3,-1,-0.6,-0.4,7556,92.5,84.4,5.1,2.9,0.2,-0.8,1,-0.1,97.6,5,84,4.8,7,4.3,9,10.3,577.3,7.6,13.3,47.3,19.1,39.8,54.1,9.2,26.9,3,2,4,3,2
2026,Calendar year,Local authority,E92000001,England,E12000005,West Midlands,894,E06000020,Telford and Wrekin,16-17,4983,5,4.3,0.7,0.4,0.3,0.1,4984,90.4,85.8,3.8,0.9,0.8,0.9,0,-0.1,96.3,0.1,81.6,4.1,6.5,8.4,11.9,8.8,85,1.7,27.5,56.9,20.8,44.2,58.5,7.9,21.6,3,4,2,4,3
2026,Calendar year,Local authority,E92000001,England,E12000005,West Midlands,335,E08000030,Walsall,16-17,8235,3.7,2.5,1.3,-1.5,-0.7,-0.8,8247,95.1,89.7,2.7,2.7,1.5,1.7,0,-0.2,98.9,-0.2,79.3,2.5,7.3,12.6,13.4,5.9,195.7,2.4,14.5,49.8,15.9,42.9,57,9.2,27.4,2,2,3,2,1
2026,Calendar year,Local authority,E92000001,England,E12000005,West Midlands,937,E10000031,Warwickshire,16-17,13111,2.6,1.9,0.7,-0.4,-0.4,0,13194,94.7,89.3,3.5,1.9,0.3,0.1,-0.4,0.7,99,0.3,87.7,2.4,3.2,4.3,9.1,4,321.3,2.5,20.6,56.2,17.8,48,67.5,9.2,23.8,1,1,2,2,1
2026,Calendar year,Local authority,E92000001,England,E12000005,West Midlands,336,E08000031,Wolverhampton,16-17,7342,3.4,2.3,1.1,-0.4,-0.3,0,7344,95.4,90.6,1.8,3,-0.1,0.3,-0.3,0,99.3,0.1,84.6,2.4,4.9,10.1,10.5,8.1,58,0.8,21.3,49.2,19.1,44.5,60.6,7.4,20.9,1,2,3,2,1
2026,Calendar year,Local authority,E92000001,England,E12000005,West Midlands,885,E10000034,Worcestershire,16-17,13828,6.8,3.7,3.1,0,-0.2,0.2,13832,90.9,84.4,4.8,1.6,0.1,1.6,-1.7,0.2,90.6,-0.1,80.4,5.6,6.4,11.1,13.2,12.1,200.7,1.5,14.8,53.5,18.9,44.2,63.1,8.5,23,4,4,5,4,5
2026,Calendar year,Local authority,E92000001,England,E12000005,West Midlands,884,E06000019,"Herefordshire, County of",16-17,4017,21.9,4.3,17.6,9.4,-0.8,10.3,4027,80.3,78.1,2,0.2,-4.7,-2.4,-2.2,-0.1,95.7,3.6,77.5,20.5,6.3,21.1,16.3,28.8,75.3,1.9,38.5,51.9,19.7,44.7,64.1,8.1,22,5,4,5,5,3
2026,Calendar year,Regional,E92000001,England,E12000003,Yorkshire and The Humber,,,,16-17,136860,6.7,3.8,3,1,-0.1,1.1,136920,90.4,83.3,4.5,2.5,-0.9,-0.2,-0.7,0,94.1,-0.4,81.8,5.8,5.9,11.4,12.2,10.8,4350,3.2,26.9,51.7,17.8,44.4,63,9.1,25.3,z,z,z,z,z
2026,Calendar year,Local authority,E92000001,England,E12000003,Yorkshire and The Humber,370,E08000016,Barnsley,16-17,5926,5.5,3.1,2.3,-0.7,-0.8,0.1,5942,91.6,84.8,4.4,2.4,-0.6,1.8,-0.8,-1.6,99.6,0.1,82.8,4.9,7.9,6.9,9.3,9.3,169.7,2.9,25.1,51.7,10.2,44,63.8,9.6,25.8,4,3,4,3,1
2026,Calendar year,Local authority,E92000001,England,E12000003,Yorkshire and The Humber,380,E08000032,Bradford,16-17,16876,4,2.3,1.8,-0.1,0.1,-0.2,16797,92.2,86.8,2.9,2.4,0,0.4,-0.6,0.1,93.1,0.7,78,3.5,5.8,8.5,16.2,4.8,337.7,2,18.7,48.2,20.4,40.8,56.8,10.9,31,2,2,4,3,4
2026,Calendar year,Local authority,E92000001,England,E12000003,Yorkshire and The Humber,381,E08000033,Calderdale,16-17,5574,5.4,4.3,1.1,0.9,0.4,0.5,5588,90.8,84.7,6,0.2,-0.1,1.4,-1.4,-0.1,93.6,-0.2,83.9,4.9,4.8,8,11.3,8.4,479.3,8.6,24.8,52.2,19.3,48.7,69.8,7.9,22.4,4,4,3,4,4
2026,Calendar year,Local authority,E92000001,England,E12000003,Yorkshire and The Humber,371,E08000017,Doncaster,16-17,8046,5.9,5.1,0.8,0.5,0.5,0.1,8060,90.2,78.3,5.8,6.1,-0.9,-0.3,-1.2,0.6,99,0.3,83.4,5.1,5.5,10.3,11.1,10,181.3,2.3,42.3,42.2,12.8,44.6,64.2,8.1,24.2,4,5,2,4,1
2026,Calendar year,Local authority,E92000001,England,E12000003,Yorkshire and The Humber,811,E06000011,East Riding of Yorkshire,16-17,7434,3.6,3.2,0.4,-0.7,-0.3,-0.4,7429,89.9,79.8,7.5,2.6,-0.8,0.1,-0.4,-0.5,95,0.9,83.8,2.8,6.9,11.3,9.4,5.5,221,3,24.3,52.2,20.8,44.9,63.8,8.1,23.8,2,3,2,5,4
2026,Calendar year,Local authority,E92000001,England,E12000003,Yorkshire and The Humber,810,E06000010,"Kingston upon Hull, City of",16-17,7024,6.4,6,0.4,-1,-1,0,7024,90,78.8,7.1,4.2,3.2,2.8,-0.9,1.2,96.4,0.7,78.7,5.1,6.9,12.5,14.4,10.6,629,9,21,44.8,14,40.4,55.3,8.8,25.7,4,5,2,4,3
2026,Calendar year,Local authority,E92000001,England,E12000003,Yorkshire and The Humber,382,E08000034,Kirklees,16-17,11976,3.9,3.2,0.7,0.1,0.2,-0.1,11999,92.1,86.5,5.4,0.3,-0.3,0.9,-1,-0.2,94.8,-0.3,84.4,2.9,5.3,11.3,10.2,8.1,638,5.3,21.4,55.2,17.9,46.4,65.9,8,21.8,2,3,2,3,4
2026,Calendar year,Local authority,E92000001,England,E12000003,Yorkshire and The Humber,383,E08000035,Leeds,16-17,20309,8.3,4.6,3.7,-0.4,-0.3,-0.1,20300,89.4,83.9,3.4,2.1,0,1.1,-1.2,0.2,93.6,0.4,80.3,6.7,5.1,15.8,14.6,14.6,495,2.4,37.2,52.5,18.6,45.5,64.9,8.8,23.8,5,4,5,5,4
2026,Calendar year,Local authority,E92000001,England,E12000003,Yorkshire and The Humber,812,E06000012,North East Lincolnshire,16-17,4148,6.8,6.5,0.3,-0.4,-0.4,0,4147,88.1,79.2,6.2,2.7,0.2,2.9,-1.5,-1.2,94.6,0.1,79.6,5.2,7.2,10.4,13.2,14.5,149.7,3.6,34.5,43.2,19.1,40.1,55.9,9.9,28.6,4,5,1,5,4
2026,Calendar year,Local authority,E92000001,England,E12000003,Yorkshire and The Humber,813,E06000013,North Lincolnshire,16-17,4041,49.3,1.1,48.3,37.8,-0.7,38.5,4047,58.9,56.2,2.6,0,-31.2,-31.2,0.1,-0.1,66.4,-23.1,79.8,49.6,5.9,53.6,14.3,46.4,79,2,67.1,45.7,19,43.2,61.5,8.8,24,5,1,5,5,5
2026,Calendar year,Local authority,E92000001,England,E12000003,Yorkshire and The Humber,815,E06000065,North Yorkshire,16-17,12813,3.4,1.7,1.7,0,0.1,0,12790,96.2,90.6,3.7,1.9,-0.2,-0.5,-0.1,0.4,96.4,1.4,84.1,3,4.5,2,11.4,6.6,80.7,0.6,33.1,60.4,24.1,46.5,67.4,8.8,24.2,2,1,4,1,3
2026,Calendar year,Local authority,E92000001,England,E12000003,Yorkshire and The Humber,372,E08000018,Rotherham,16-17,6941,5.4,4.9,0.5,0.7,0.6,0.1,6995,90.1,81.3,4.3,4.6,0.4,1.4,-0.6,-0.4,94.9,0.1,77.1,4,8.2,9.7,14.7,10.2,213.3,3.1,25.3,47.7,16.6,41.8,58.1,9.2,25.4,3,5,2,4,4
2026,Calendar year,Local authority,E92000001,England,E12000003,Yorkshire and The Humber,373,E08000019,Sheffield,16-17,13193,7.7,5.8,1.9,0,-0.3,0.3,13199,89.7,81.8,4.4,3.5,0,0.5,-0.3,-0.2,91.1,0.3,84.7,6.5,6.7,13.5,8.6,15.2,207.3,1.6,40.2,55.8,15.9,43.2,60.5,9.5,27.1,5,5,4,5,5
2026,Calendar year,Local authority,E92000001,England,E12000003,Yorkshire and The Humber,384,E08000036,Wakefield,16-17,8607,3.9,3.5,0.4,-0.3,0,-0.2,8653,92.3,86.3,3.9,2.1,0.4,-0.4,0,0.7,98.8,0.2,83.7,3.4,5.6,6.1,10.6,7,409.7,4.8,19.2,48.2,13.7,45.1,65.2,9.6,26.2,2,3,1,3,1
2026,Calendar year,Local authority,E92000001,England,E12000003,Yorkshire and The Humber,816,E06000014,York,16-17,3951,3.3,1.3,2,0.8,0,0.8,3953,95.5,87.9,5.8,1.8,-0.8,0.5,-1,-0.3,97.6,0.2,84.3,2.9,6.2,5.9,9.5,5.3,57.7,1.5,26.6,61.9,17,50.8,74.4,9.5,23.9,1,1,4,1,2
